3;h_wlk_ls_002_2_3
6;h_wlk_ls_002_2_2
9;h_wlk_ls_002_2_1
12;h_wlk_ls_002_2_0
15;h_wlk_ls_001_2_3
18;h_wlk_ls_001_2_2
21;h_wlk_ls_001_2_1
24;h_wlk_ls_001_2_0
27;h_std_ls_002_2_0
30;h_std_ls_001_2_0
33;h_sit_ls_002_2_0
36;h_sit_ls_001_2_0
39;h_drk_ls_002_2_0
42;h_drk_ls_001_2_0
45;h_crr_ls_002_2_0
48;h_crr_ls_001_2_0
51;h_std_ch_014_2_0
54;h_std_ch_013_2_0
57;h_std_ch_012_2_0
60;h_std_ch_011_2_0
63;h_std_ch_010_2_0
66;h_std_ch_009_2_0
69;h_std_ch_008_2_0
72;h_std_ch_007_2_0
75;h_std_ch_006_2_0
78;h_std_ch_005_2_0
81;h_std_ch_004_2_0
84;h_std_ch_003_2_0
87;h_std_ch_002_2_0
90;h_std_ch_001_2_0
93;h_wlk_lg_008_2_3
96;h_wlk_lg_008_2_2
99;h_wlk_lg_008_2_1
102;h_wlk_lg_008_2_0
105;h_wlk_lg_007_2_3
108;h_wlk_lg_007_2_2
111;h_wlk_lg_007_2_1
114;h_wlk_lg_007_2_0
117;h_wlk_lg_006_2_3
120;h_wlk_lg_006_2_2
123;h_wlk_lg_006_2_1
126;h_wlk_lg_005_2_3
129;h_wlk_lg_005_2_2
132;h_wlk_lg_005_2_1
135;h_wlk_lg_005_2_0
138;h_wlk_lg_004_2_3
141;h_wlk_lg_004_2_2
144;h_wlk_lg_004_2_1
147;h_wlk_lg_004_2_0
150;h_wlk_lg_003_2_3
153;h_wlk_lg_003_2_2
156;h_wlk_lg_003_2_1
159;h_wlk_lg_003_2_0
162;h_wlk_lg_002_2_3
165;h_wlk_lg_002_2_2
168;h_wlk_lg_002_2_1
171;h_wlk_lg_002_2_0
174;h_wlk_lg_001_2_3
177;h_wlk_lg_001_2_2
180;h_wlk_lg_001_2_1
183;h_wlk_lg_001_2_0
186;h_std_lg_008_2_0
189;h_std_lg_007_2_0
192;h_std_lg_006_2_0
195;h_std_lg_005_2_0
198;h_std_lg_004_2_0
201;h_std_lg_003_2_0
204;h_std_lg_002_2_0
207;h_std_lg_001_2_0
210;h_sit_lg_008_2_0
213;h_sit_lg_007_2_0
216;h_sit_lg_006_2_0
219;h_sit_lg_005_2_0
222;h_sit_lg_004_2_0
225;h_sit_lg_003_2_0
228;h_sit_lg_002_2_0
231;h_sit_lg_001_2_0
234;h_wlk_lg_006_2_0
237;h_std_hr_012_7_0
240;h_std_hr_012_3_0
243;h_std_hr_012_2_0
246;h_std_hr_012_1_0
249;h_std_hr_012_0_0
252;h_std_hr_011_7_0
255;h_std_hr_011_3_0
258;h_std_hr_011_2_0
259;h_std_hr_011_1_0
262;h_std_hr_011_0_0
265;h_std_hr_010_7_0
268;h_std_hr_010_3_0
271;h_std_hr_010_2_0
274;h_std_hr_010_1_0
277;h_std_hr_010_0_0
280;h_std_hr_009_7_0
283;h_std_hr_009_3_0
286;h_std_hr_009_2_0
289;h_std_hr_009_1_0
292;h_std_hr_009_0_0
295;h_std_hr_008_7_0
298;h_std_hr_008_3_0
301;h_std_hr_008_2_0
304;h_std_hr_008_1_0
307;h_std_hr_008_0_0
310;h_std_hr_007_7_0
313;h_std_hr_007_3_0
316;h_std_hr_007_2_0
319;h_std_hr_007_1_0
322;h_std_hr_007_0_0
325;h_std_hr_006_7_0
328;h_std_hr_006_3_0
331;h_std_hr_006_2_0
334;h_std_hr_006_1_0
337;h_std_hr_006_0_0
340;h_std_hr_005_7_0
343;h_std_hr_005_3_0
346;h_std_hr_005_2_0
349;h_std_hr_005_1_0
352;h_std_hr_005_0_0
355;h_std_hr_004_7_0
358;h_std_hr_004_3_0
361;h_std_hr_004_2_0
364;h_std_hr_004_1_0
367;h_std_hr_004_0_0
370;h_std_hr_003_7_0
373;h_std_hr_003_3_0
376;h_std_hr_003_2_0
379;h_std_hr_003_1_0
382;h_std_hr_003_0_0
385;h_std_hr_001_7_0
388;h_std_hr_001_3_0
391;h_std_hr_001_2_0
394;h_std_hr_001_1_0
397;h_std_hr_001_0_0
400;h_spk_hr_012_7_0
403;h_spk_hr_012_3_0
406;h_spk_hr_012_2_0
409;h_spk_hr_012_1_0
412;h_spk_hr_012_0_0
415;h_spk_hr_011_7_0
418;h_spk_hr_011_3_0
421;h_spk_hr_011_2_0
424;h_spk_hr_011_1_0
427;h_spk_hr_011_0_0
430;h_spk_hr_010_7_0
433;h_spk_hr_010_3_0
436;h_spk_hr_010_2_0
439;h_spk_hr_010_1_0
442;h_spk_hr_010_0_0
445;h_spk_hr_009_7_0
448;h_spk_hr_009_3_0
451;h_spk_hr_009_2_0
454;h_spk_hr_009_1_0
457;h_spk_hr_009_0_0
460;h_spk_hr_008_7_0
463;h_spk_hr_008_3_0
466;h_spk_hr_008_2_0
469;h_spk_hr_008_1_0
472;h_spk_hr_008_0_0
475;h_spk_hr_007_7_0
478;h_spk_hr_007_3_0
481;h_spk_hr_007_2_0
484;h_spk_hr_007_1_0
487;h_spk_hr_007_0_0
490;h_spk_hr_006_7_0
493;h_spk_hr_006_3_0
496;h_spk_hr_006_2_0
499;h_spk_hr_006_1_0
502;h_spk_hr_006_0_0
505;h_spk_hr_005_7_0
508;h_spk_hr_005_3_0
511;h_spk_hr_005_2_0
514;h_spk_hr_005_1_0
517;h_spk_hr_005_0_0
520;h_spk_hr_004_7_0
523;h_spk_hr_004_3_0
526;h_spk_hr_004_2_0
529;h_spk_hr_004_1_0
532;h_spk_hr_004_0_0
535;h_spk_hr_003_7_0
538;h_spk_hr_003_3_0
541;h_spk_hr_003_2_0
544;h_spk_hr_003_1_0
547;h_spk_hr_003_0_0
550;h_spk_hr_001_7_0
553;h_spk_hr_001_3_0
556;h_spk_hr_001_2_0
559;h_spk_hr_001_1_0
562;h_spk_hr_001_0_0
565;h_wlk_rs_002_2_3
568;h_wlk_rs_002_2_1
571;h_wlk_rs_001_2_3
574;h_wlk_rs_001_2_1
577;h_std_rs_002_2_0
580;h_std_rs_001_2_0
583;h_drk_rs_002_2_0
586;h_drk_rs_001_2_0
589;h_crr_rs_002_2_0
592;h_crr_rs_001_2_0
595;h_drk_ri_001_2_0
598;h_crr_ri_001_2_0
601;h_wlk_bd_002_2_3
604;h_wlk_bd_002_2_2
607;h_wlk_bd_002_2_1
610;h_wlk_bd_002_2_0
613;h_wlk_bd_001_2_3
616;h_wlk_bd_001_2_2
619;h_wlk_bd_001_2_1
622;h_wlk_bd_001_2_0
625;h_std_bd_002_2_0
628;h_std_bd_001_2_0
631;h_sit_bd_002_2_0
634;h_sit_bd_001_2_0
637;h_wlk_lh_001_2_3
640;h_wlk_lh_001_2_1
643;h_std_lh_001_2_0
646;h_drk_lh_001_2_0
649;h_crr_lh_001_2_0
652;h_wlk_rh_001_2_3
655;h_wlk_rh_001_2_1
658;h_std_rh_001_2_0
661;h_drk_rh_001_2_0
664;h_crr_rh_001_2_0
667;h_std_hd_004_3_0
670;h_std_hd_004_2_0
673;h_std_hd_004_1_0
676;h_std_hd_004_0_0
679;h_std_hd_003_7_0
682;h_std_hd_003_3_0
685;h_std_hd_003_2_0
688;h_std_hd_003_1_0
691;h_std_hd_003_0_0
694;h_std_hd_002_7_0
697;h_std_hd_002_3_0
700;h_std_hd_002_2_0
703;h_std_hd_002_1_0
706;h_std_hd_002_0_0
709;h_std_hd_001_7_0
712;h_std_hd_001_3_0
715;h_std_hd_001_2_0
718;h_std_hd_001_1_0
721;h_std_hd_001_0_0
724;h_spk_hd_004_7_1
727;h_spk_hd_004_7_0
730;h_spk_hd_004_3_1
733;h_spk_hd_004_3_0
736;h_spk_hd_004_2_1
739;h_spk_hd_004_2_0
742;h_spk_hd_004_1_1
745;h_spk_hd_004_1_0
748;h_spk_hd_004_0_1
751;h_spk_hd_004_0_0
754;h_spk_hd_003_7_1
757;h_spk_hd_003_7_0
760;h_spk_hd_003_3_1
763;h_spk_hd_003_3_0
766;h_spk_hd_003_2_1
769;h_spk_hd_003_2_0
772;h_spk_hd_003_1_1
775;h_spk_hd_003_1_0
778;h_spk_hd_003_0_1
781;h_spk_hd_003_0_0
784;h_spk_hd_002_7_1
787;h_spk_hd_002_7_0
790;h_spk_hd_002_3_1
793;h_spk_hd_002_3_0
796;h_spk_hd_002_2_1
799;h_spk_hd_002_2_0
802;h_spk_hd_002_1_1
805;h_spk_hd_002_1_0
808;h_spk_hd_002_0_1
811;h_spk_hd_002_0_0
814;h_spk_hd_001_7_1
817;h_spk_hd_001_7_0
820;h_spk_hd_001_3_1
823;h_spk_hd_001_3_0
826;h_spk_hd_001_2_1
829;h_spk_hd_001_2_0
832;h_spk_hd_001_1_1
835;h_spk_hd_001_1_0
838;h_spk_hd_001_0_1
841;h_spk_hd_001_0_0
844;h_std_hd_004_7_0
847;h_std_fc_004_3_0
850;h_std_fc_004_2_0
853;h_std_fc_004_1_0
856;h_std_fc_003_3_0
859;h_std_fc_003_2_0
862;h_std_fc_003_1_0
865;h_std_fc_002_3_0
868;h_std_fc_002_2_0
871;h_std_fc_002_1_0
874;h_std_fc_001_3_0
877;h_std_fc_001_2_0
880;h_std_fc_001_1_0
883;h_srp_fc_004_3_0
886;h_srp_fc_004_2_0
889;h_srp_fc_004_1_0
892;h_srp_fc_003_3_0
895;h_srp_fc_003_2_0
898;h_srp_fc_003_1_0
901;h_srp_fc_002_3_0
904;h_srp_fc_002_2_0
907;h_srp_fc_002_1_0
910;h_srp_fc_001_3_0
913;h_srp_fc_001_2_0
916;h_srp_fc_001_1_0
919;h_spk_fc_004_3_1
922;h_spk_fc_004_3_0
925;h_spk_fc_004_2_1
928;h_spk_fc_004_2_0
931;h_spk_fc_004_1_1
934;h_spk_fc_004_1_0
937;h_spk_fc_003_3_1
940;h_spk_fc_003_3_0
943;h_spk_fc_003_2_1
946;h_spk_fc_003_2_0
949;h_spk_fc_003_1_1
952;h_spk_fc_003_1_0
955;h_spk_fc_002_3_1
958;h_spk_fc_002_3_0
961;h_spk_fc_002_2_1
964;h_spk_fc_002_2_0
967;h_spk_fc_002_1_1
970;h_spk_fc_002_1_0
973;h_spk_fc_001_3_1
976;h_spk_fc_001_3_0
979;h_spk_fc_001_2_1
982;h_spk_fc_001_2_0
985;h_spk_fc_001_1_1
988;h_spk_fc_001_1_0
991;h_sml_fc_004_3_0
994;h_sml_fc_004_2_0
997;h_sml_fc_004_1_0
1000;h_sml_fc_003_3_0
1003;h_sml_fc_003_2_0
1006;h_sml_fc_003_1_0
1009;h_sml_fc_002_3_0
1012;h_sml_fc_002_2_0
1015;h_sml_fc_002_1_0
1018;h_sml_fc_001_3_0
1021;h_sml_fc_001_2_0
1024;h_sml_fc_001_1_0
1027;h_sad_fc_004_3_0
1030;h_sad_fc_004_2_0
1033;h_sad_fc_004_1_0
1036;h_sad_fc_003_3_0
1039;h_sad_fc_003_2_0
1042;h_sad_fc_003_1_0
1045;h_sad_fc_002_3_0
1048;h_sad_fc_002_2_0
1051;h_sad_fc_002_1_0
1054;h_sad_fc_001_3_0
1057;h_sad_fc_001_2_0
1060;h_sad_fc_001_1_0
1063;h_agr_fc_004_3_0
1066;h_agr_fc_004_2_0
1069;h_agr_fc_004_1_0
1072;h_agr_fc_003_3_0
1075;h_agr_fc_003_2_0
1078;h_agr_fc_003_1_0
1081;h_agr_fc_002_3_0
1084;h_agr_fc_002_2_0
1087;h_agr_fc_002_1_0
1090;h_agr_fc_001_3_0
1093;h_agr_fc_001_2_0
1096;h_agr_fc_001_1_0
1099;h_std_ey_008_3_0
1102;h_std_ey_008_2_0
1105;h_std_ey_008_1_0
1108;h_std_ey_008_0_0
1111;h_std_ey_007_3_0
1114;h_std_ey_007_2_0
1117;h_std_ey_007_1_0
1120;h_std_ey_006_3_0
1123;h_std_ey_006_2_0
1126;h_std_ey_006_1_0
1129;h_std_ey_005_3_0
1132;h_std_ey_005_2_0
1135;h_std_ey_005_1_0
1138;h_std_ey_004_3_0
1141;h_std_ey_004_2_0
1144;h_std_ey_004_1_0
1147;h_std_ey_004_0_0
1150;h_std_ey_003_3_0
1153;h_std_ey_003_2_0
1156;h_std_ey_003_1_0
1159;h_std_ey_002_3_0
1162;h_std_ey_002_2_0
1165;h_std_ey_002_1_0
1168;h_std_ey_001_3_0
1171;h_std_ey_001_2_0
1174;h_std_ey_001_1_0
1177;h_srp_ey_008_3_0
1180;h_srp_ey_008_2_0
1183;h_srp_ey_008_1_0
1186;h_srp_ey_007_3_0
1189;h_srp_ey_007_2_0
1192;h_srp_ey_007_1_0
1195;h_srp_ey_006_3_0
1198;h_srp_ey_006_2_0
1201;h_srp_ey_006_1_0
1204;h_srp_ey_005_3_0
1207;h_srp_ey_005_2_0
1210;h_srp_ey_005_1_0
1213;h_srp_ey_004_3_0
1216;h_srp_ey_004_2_0
1219;h_srp_ey_004_1_0
1222;h_srp_ey_003_3_0
1225;h_srp_ey_003_2_0
1228;h_srp_ey_003_1_0
1231;h_srp_ey_002_3_0
1234;h_srp_ey_002_2_0
1237;h_srp_ey_002_1_0
1240;h_srp_ey_001_3_0
1243;h_srp_ey_001_2_0
1246;h_srp_ey_001_1_0
1249;h_sml_ey_008_3_0
1252;h_sml_ey_008_2_0
1255;h_sml_ey_008_1_0
1258;h_sml_ey_007_3_0
1261;h_sml_ey_007_2_0
1264;h_sml_ey_007_1_0
1267;h_sml_ey_006_3_0
1270;h_sml_ey_006_2_0
1273;h_sml_ey_006_1_0
1276;h_sml_ey_005_3_0
1279;h_sml_ey_005_2_0
1282;h_sml_ey_005_1_0
1285;h_sml_ey_004_3_0
1288;h_sml_ey_004_2_0
1291;h_sml_ey_004_1_0
1294;h_sml_ey_003_3_0
1297;h_sml_ey_003_2_0
1300;h_sml_ey_003_1_0
1303;h_sml_ey_002_3_0
1306;h_sml_ey_002_2_0
1309;h_sml_ey_002_1_0
1312;h_sml_ey_001_3_0
1315;h_sml_ey_001_2_0
1318;h_sml_ey_001_1_0
1321;h_sad_ey_008_3_0
1324;h_sad_ey_008_2_0
1327;h_sad_ey_008_1_0
1330;h_sad_ey_007_3_0
1333;h_sad_ey_007_2_0
1336;h_sad_ey_007_1_0
1339;h_sad_ey_006_3_0
1342;h_sad_ey_006_2_0
1345;h_sad_ey_006_1_0
1348;h_sad_ey_005_3_0
1351;h_sad_ey_005_2_0
1354;h_sad_ey_005_1_0
1357;h_sad_ey_004_3_0
1360;h_sad_ey_004_2_0
1363;h_sad_ey_004_1_0
1366;h_sad_ey_003_3_0
1369;h_sad_ey_003_2_0
1372;h_sad_ey_003_1_0
1375;h_sad_ey_002_3_0
1378;h_sad_ey_002_2_0
1381;h_sad_ey_002_1_0
1384;h_sad_ey_001_3_0
1387;h_sad_ey_001_2_0
1390;h_sad_ey_001_1_0
1393;h_eyb_ey_008_3_0
1396;h_eyb_ey_008_2_0
1399;h_eyb_ey_008_1_0
1402;h_eyb_ey_007_3_0
1405;h_eyb_ey_007_2_0
1408;h_eyb_ey_007_1_0
1411;h_eyb_ey_006_3_0
1414;h_eyb_ey_006_2_0
1417;h_eyb_ey_006_1_0
1420;h_eyb_ey_005_3_0
1423;h_eyb_ey_005_2_0
1426;h_eyb_ey_005_1_0
1429;h_eyb_ey_004_3_0
1432;h_eyb_ey_004_2_0
1435;h_eyb_ey_004_1_0
1438;h_eyb_ey_003_3_0
1441;h_eyb_ey_003_2_0
1444;h_eyb_ey_003_1_0
1447;h_eyb_ey_002_3_0
1450;h_eyb_ey_002_2_0
1453;h_eyb_ey_002_1_0
1456;h_eyb_ey_001_3_0
1459;h_eyb_ey_001_2_0
1462;h_eyb_ey_001_1_0
1465;h_agr_ey_008_3_0
1468;h_agr_ey_008_2_0
1471;h_agr_ey_008_1_0
1474;h_agr_ey_007_3_0
1477;h_agr_ey_007_2_0
1480;h_agr_ey_007_1_0
1483;h_agr_ey_006_3_0
1486;h_agr_ey_006_2_0
1489;h_agr_ey_006_1_0
1492;h_agr_ey_005_3_0
1495;h_agr_ey_005_2_0
1498;h_agr_ey_005_1_0
1501;h_agr_ey_004_3_0
1504;h_agr_ey_004_2_0
1507;h_agr_ey_004_1_0
1510;h_agr_ey_003_3_0
1513;h_agr_ey_003_2_0
1516;h_agr_ey_003_1_0
1519;h_agr_ey_002_3_0
1522;h_agr_ey_002_2_0
1525;h_agr_ey_002_1_0
1528;h_agr_ey_001_3_0
1531;h_agr_ey_001_2_0
1534;h_agr_ey_001_1_0
1537;h_wlk_sh_005_2_0
1540;h_wlk_sh_004_2_3
1541;h_wlk_sh_009_2_2
1544;h_wlk_sh_004_2_2
1547;h_wlk_sh_004_2_1
1550;h_wlk_sh_004_2_0
1553;h_wlk_sh_003_2_3
1556;h_wlk_sh_003_2_2
1559;h_wlk_sh_003_2_1
1562;h_wlk_sh_003_2_0
1565;h_wlk_sh_005_2_1
1568;h_wlk_sh_002_2_3
1571;h_wlk_sh_002_2_2
1572;h_wlk_sh_002_2_1 copy
1575;h_wlk_sh_002_2_1
1576;h_wlk_sh_002_2_0
1579;h_wlk_sh_001_2_3
1582;h_wlk_sh_001_2_2
1585;h_wlk_sh_001_2_1
1586;h_wlk_sh_009_2_0
1589;h_wlk_sh_001_2_0
1592;h_std_sh_006_2_0
1595;h_std_sh_005_2_0
1598;h_std_sh_004_2_0
1601;h_std_sh_003_2_0
1604;h_std_sh_002_2_0
1605;h_std_sh_009_2_0
1608;h_std_sh_001_2_0
1611;h_sit_sh_006_2_0
1614;h_sit_sh_005_2_0
1617;h_sit_sh_004_2_0
1620;h_sit_sh_003_2_0
1623;h_sit_sh_002_2_0
1624;h_sit_sh_009_2_0
1627;h_sit_sh_001_2_0
1630;h_wlk_sh_006_2_3
1633;h_wlk_sh_006_2_2
1636;h_wlk_sh_006_2_1
1639;h_wlk_sh_006_2_0
1640;h_wlk_sh_009_2_3
1643;h_wlk_sh_005_2_3
1646;h_wlk_sh_005_2_2
1649;h_std_ch_015_0_0
1652;h_std_ch_015_1_0
1655;h_std_ch_015_2_0
1658;h_std_ch_015_3_0
1661;h_std_ch_015_4_0
1664;h_std_ch_015_7_0
1667;h_spk_hr_013_0_0
1670;h_spk_hr_013_1_0
1673;h_spk_hr_013_2_0
1676;h_spk_hr_013_3_0
1679;h_spk_hr_013_7_0
1682;h_std_hr_013_0_0
1685;h_std_hr_013_1_0
1688;h_std_hr_013_2_0
1691;h_std_hr_013_3_0
1694;h_std_hr_013_7_0
1697;h_spk_hr_014_0_0
1700;h_spk_hr_014_1_0
1703;h_spk_hr_014_2_0
1706;h_spk_hr_014_3_0
1709;h_spk_hr_014_4_0
1712;h_spk_hr_014_5_0
1715;h_spk_hr_014_6_0
1718;h_spk_hr_014_7_0
1721;h_std_hr_014_0_0
1724;h_std_hr_014_1_0
1727;h_std_hr_014_2_0
1730;h_std_hr_014_3_0
1733;h_std_hr_014_4_0
1736;h_std_hr_014_5_0
1739;h_std_hr_014_6_0
1742;h_std_hr_014_7_0
1745;h_crr_rs_003_0_0
1748;h_crr_rs_003_1_0
1751;h_crr_rs_003_2_0
1754;h_crr_rs_003_3_0
1757;h_crr_rs_003_4_0
1760;h_crr_rs_003_5_0
1763;h_crr_rs_003_6_0
1766;h_crr_rs_003_7_0
1769;h_drk_rs_003_0_0
1772;h_drk_rs_003_1_0
1775;h_drk_rs_003_2_0
1778;h_drk_rs_003_3_0
1781;h_drk_rs_003_4_0
1784;h_drk_rs_003_5_0
1787;h_drk_rs_003_6_0
1790;h_drk_rs_003_7_0
1793;h_std_rs_003_0_0
1796;h_std_rs_003_1_0
1799;h_std_rs_003_2_0
1802;h_std_rs_003_3_0
1805;h_std_rs_003_7_0
1808;h_wlk_rs_003_0_1
1811;h_wlk_rs_003_0_3
1814;h_wlk_rs_003_1_1
1817;h_wlk_rs_003_1_3
1820;h_wlk_rs_003_2_1
1823;h_wlk_rs_003_2_3
1826;h_wlk_rs_003_3_1
1829;h_wlk_rs_003_3_3
1832;h_wlk_rs_003_7_1
1835;h_wlk_rs_003_7_3
1838;h_crr_ls_003_0_0
1841;h_crr_ls_003_1_0
1844;h_crr_ls_003_2_0
1847;h_crr_ls_003_3_0
1850;h_crr_ls_003_4_0
1853;h_crr_ls_003_5_0
1856;h_crr_ls_003_6_0
1859;h_crr_ls_003_7_0
1862;h_drk_ls_003_1_0
1865;h_drk_ls_003_0_0
1868;h_drk_ls_003_2_0
1871;h_drk_ls_003_3_0
1874;h_drk_ls_003_4_0
1877;h_drk_ls_003_5_0
1880;h_drk_ls_003_6_0
1883;h_drk_ls_003_7_0
1886;h_sit_ls_003_0_0
1889;h_sit_ls_003_2_0
1892;h_std_ls_003_0_0
1895;h_std_ls_003_1_0
1898;h_std_ls_003_2_0
1901;h_std_ls_003_3_0
1904;h_std_ls_003_7_0
1907;h_wlk_ls_003_0_0
1910;h_wlk_ls_003_0_1
1913;h_wlk_ls_003_0_2
1916;h_wlk_ls_003_0_3
1919;h_wlk_ls_003_1_0
1922;h_wlk_ls_003_1_1
1925;h_wlk_ls_003_1_2
1928;h_wlk_ls_003_1_3
1931;h_wlk_ls_003_2_0
1934;h_wlk_ls_003_2_1
1937;h_wlk_ls_003_2_2
1940;h_wlk_ls_003_2_3
1943;h_wlk_ls_003_3_0
1946;h_wlk_ls_003_3_1
1949;h_wlk_ls_003_3_2
1952;h_wlk_ls_003_3_3
1955;h_wlk_ls_003_7_0
1958;h_wlk_ls_003_7_1
1961;h_wlk_ls_003_7_2
1964;h_wlk_ls_003_7_3
1967;h_crr_ls_004_2_0
1970;h_crr_ls_005_2_0
1973;h_crr_ls_006_2_0
1976;h_crr_rs_004_2_0
1979;h_crr_rs_005_2_0
1982;h_crr_rs_006_2_0
1985;h_drk_ls_004_2_0
1988;h_drk_ls_005_2_0
1991;h_drk_ls_006_2_0
1994;h_drk_rs_004_2_0
1997;h_drk_rs_005_2_0
2000;h_drk_rs_006_2_0
2003;h_sit_lg_009_2_0
2006;h_sit_lg_010_2_0
2009;h_sit_ls_004_2_0
2012;h_sit_ls_005_2_0
2015;h_sit_ls_006_2_0
2018;h_sit_sh_008_2_0
2021;h_std_ch_018_2_0
2024;h_std_ch_019_2_0
2027;h_std_ch_021_2_0
2030;h_std_hr_017_0_0
2033;h_std_hr_017_1_0
2036;h_std_hr_017_2_0
2039;h_std_hr_017_3_0
2042;h_std_hr_017_7_0
2045;h_std_hr_018_0_0
2048;h_std_hr_018_1_0
2051;h_std_hr_018_2_0
2054;h_std_hr_018_3_0
2057;h_std_hr_018_7_0
2060;h_std_hr_019_0_0
2063;h_std_hr_019_1_0
2066;h_std_hr_019_2_0
2069;h_std_hr_019_3_0
2072;h_std_hr_020_0_0
2075;h_std_hr_020_1_0
2078;h_std_hr_020_2_0
2081;h_std_hr_020_3_0
2084;h_std_hr_020_7_0
2087;h_std_ls_004_2_0
2090;h_std_ls_005_2_0
2093;h_std_ls_006_2_0
2096;h_std_rs_004_2_0
2099;h_std_rs_006_2_0
2102;h_wlk_lg_009_2_0
2105;h_wlk_lg_009_2_1
2108;h_wlk_lg_009_2_2
2111;h_wlk_lg_009_2_3
2114;h_wlk_lg_010_2_0
2117;h_wlk_lg_010_2_1
2120;h_wlk_lg_010_2_2
2123;h_wlk_lg_010_2_3
2126;h_wlk_ls_004_2_1
2129;h_wlk_ls_004_2_3
2132;h_wlk_ls_005_2_1
2135;h_wlk_ls_005_2_3
2138;h_wlk_ls_006_2_1
2141;h_wlk_ls_006_2_3
2144;h_wlk_rs_004_2_1
2147;h_std_hr_019_7_0
2150;h_wlk_rs_004_2_3
2153;h_wlk_rs_005_2_1
2156;h_wlk_rs_005_2_3
2159;h_wlk_rs_006_2_1
2162;h_wlk_rs_006_2_3
2165;h_wlk_sh_008_2_0
2168;h_wlk_sh_008_2_1
2171;h_wlk_sh_008_2_2
2174;h_wlk_sh_008_2_3
2177;h_std_lg_009_2_0
2180;h_std_lg_010_2_0
2183;h_std_sh_008_2_0
2186;h_spk_hr_017_0_0
2189;h_spk_hr_017_1_0
2192;h_spk_hr_017_2_0
2195;h_spk_hr_017_3_0
2198;h_spk_hr_017_7_0
2201;h_spk_hr_018_0_0
2204;h_spk_hr_018_1_0
2207;h_spk_hr_018_2_0
2210;h_spk_hr_018_3_0
2213;h_spk_hr_018_7_0
2216;h_spk_hr_019_0_0
2219;h_spk_hr_019_1_0
2222;h_spk_hr_019_2_0
2225;h_spk_hr_019_3_0
2228;h_spk_hr_019_7_0
2231;h_spk_hr_020_0_0
2234;h_spk_hr_020_1_0
2237;h_spk_hr_020_2_0
2240;h_spk_hr_020_3_0
2243;h_spk_hr_020_7_0
2246;h_std_ch_020_2_0
2249;h_std_rs_005_0_0
2252;h_std_rs_005_1_0
2255;h_std_rs_005_2_0
2258;h_std_rs_005_3_0
2261;h_std_rs_005_7_0
2262;center
2262;center
2262;center
2262;center
2262;center
2262;center
2262;center
2262;center
2262;center
2262;center
2262;center
2262;center
2262;center
2262;center
2262;center
2262;center
2262;center
2262;center
2262;center
2262;center
2262;center
2262;center
2262;center
2262;center
2262;center
